just so I know what I used to generate the typos,text,broad (n of cats),three options,,,,list of typos,done?
female,emale,female,female,,,,female,X
female,fmale,female,female,,,,male,X
female,feale,female,female,,,,androgynous,X
female,femle,female,female,,,,non-binary,X
female,femae,female,female,,,,nonbinary,X
female,femal,female,female,,,,trans,X
female,demale,female,female,,,,trans man,X
female,cemale,female,female,,,,trans woman,X
female,vemale,female,female,,,,transman,X
female,gemale,female,female,,,,transwoman,X
female,temale,female,female,,,,transgender man,X
female,remale,female,female,,,,transgenderman,X
female,fwmale,female,female,,,,transgender male,X
female,fsmale,female,female,,,,transgendermale,X
female,fdmale,female,female,,,,transgender woman,X
female,ffmale,female,female,,,,transgender female,X
female,frmale,female,female,,,,transgenderwoman,
female,f4male,female,female,,,,transgenderfemale,
female,f3male,female,female,,,,cis woman,
female,fekale,female,female,,,,cis man,
female,fejale,female,female,,,,ciswoman,
female,fenale,female,female,,,,cisman,
female,femzle,female,female,,,,cisfemale,
female,femxle,female,female,,,,cismale,
female,femsle,female,female,,,,girl,
female,femwle,female,female,,,,boy,
female,femqle,female,female,,,,intersex,
female,femake,female,female,,,,m2f,
female,femape,female,female,,,,f2m,
female,femaoe,female,female,,,,mtf,
female,female,female,female,,,,ftm,
female,femalw,female,female,,,,,
female,femals,female,female,,,,,
female,femald,female,female,,,,,
female,femalf,female,female,,,,,
female,femalr,female,female,,,,,
female,femal4,female,female,,,,,
female,femal3,female,female,,,,,
female,efmale,female,female,,,,,
female,fmeale,female,female,,,,,
female,feamle,female,female,,,,,
female,femlae,female,female,,,,,
female,femael,female,female,,,,,
female,ffemale,female,female,,,,,
female,feemale,female,female,,,,,
female,femmale,female,female,,,,,
female,femaale,female,female,,,,,
female,femalle,female,female,,,,,
female,femalee,female,female,,,,,
male,ale,male,male,,,,,
male,mle,male,male,,,,,
male,mae,male,male,,,,,
male,mal,male,male,,,,,
male,kale,male,male,,,,,
male,jale,male,male,,,,,
male,nale,male,male,,,,,
male,mzle,male,male,,,,,
male,mxle,male,male,,,,,
male,msle,male,male,,,,,
male,mwle,male,male,,,,,
male,mqle,male,male,,,,,
male,make,male,male,,,,,
male,mape,male,male,,,,,
male,maoe,male,male,,,,,
male,male,male,male,,,,,
male,malw,male,male,,,,,
male,mals,male,male,,,,,
male,mald,male,male,,,,,
male,malf,male,male,,,,,
male,malr,male,male,,,,,
male,mal4,male,male,,,,,
male,mal3,male,male,,,,,
male,amle,male,male,,,,,
male,mlae,male,male,,,,,
male,mael,male,male,,,,,
male,mmale,male,male,,,,,
male,maale,male,male,,,,,
male,malle,male,male,,,,,
male,malee,male,male,,,,,
androgynous,ndrogynous,androgynous,other,,,,,
androgynous,adrogynous,androgynous,other,,,,,
androgynous,anrogynous,androgynous,other,,,,,
androgynous,andogynous,androgynous,other,,,,,
androgynous,andrgynous,androgynous,other,,,,,
androgynous,androynous,androgynous,other,,,,,
androgynous,andrognous,androgynous,other,,,,,
androgynous,androgyous,androgynous,other,,,,,
androgynous,androgynus,androgynous,other,,,,,
androgynous,androgynos,androgynous,other,,,,,
androgynous,androgynou,androgynous,other,,,,,
androgynous,zndrogynous,androgynous,other,,,,,
androgynous,xndrogynous,androgynous,other,,,,,
androgynous,sndrogynous,androgynous,other,,,,,
androgynous,wndrogynous,androgynous,other,,,,,
androgynous,qndrogynous,androgynous,other,,,,,
androgynous,amdrogynous,androgynous,other,,,,,
androgynous,ajdrogynous,androgynous,other,,,,,
androgynous,ahdrogynous,androgynous,other,,,,,
androgynous,abdrogynous,androgynous,other,,,,,
androgynous,ansrogynous,androgynous,other,,,,,
androgynous,anxrogynous,androgynous,other,,,,,
androgynous,ancrogynous,androgynous,other,,,,,
androgynous,anfrogynous,androgynous,other,,,,,
androgynous,anrrogynous,androgynous,other,,,,,
androgynous,anerogynous,androgynous,other,,,,,
androgynous,andeogynous,androgynous,other,,,,,
androgynous,anddogynous,androgynous,other,,,,,
androgynous,andfogynous,androgynous,other,,,,,
androgynous,andgogynous,androgynous,other,,,,,
androgynous,andtogynous,androgynous,other,,,,,
androgynous,and5ogynous,androgynous,other,,,,,
androgynous,and4ogynous,androgynous,other,,,,,
androgynous,andrigynous,androgynous,other,,,,,
androgynous,andrkgynous,androgynous,other,,,,,
androgynous,andrlgynous,androgynous,other,,,,,
androgynous,andrpgynous,androgynous,other,,,,,
androgynous,andr0gynous,androgynous,other,,,,,
androgynous,andr9gynous,androgynous,other,,,,,
androgynous,androfynous,androgynous,other,,,,,
androgynous,androvynous,androgynous,other,,,,,
androgynous,androbynous,androgynous,other,,,,,
androgynous,androhynous,androgynous,other,,,,,
androgynous,androyynous,androgynous,other,,,,,
androgynous,androtynous,androgynous,other,,,,,
androgynous,androgtnous,androgynous,other,,,,,
androgynous,androggnous,androgynous,other,,,,,
androgynous,androghnous,androgynous,other,,,,,
androgynous,androgjnous,androgynous,other,,,,,
androgynous,androgunous,androgynous,other,,,,,
androgynous,androg7nous,androgynous,other,,,,,
androgynous,androg6nous,androgynous,other,,,,,
androgynous,androgymous,androgynous,other,,,,,
androgynous,androgyjous,androgynous,other,,,,,
androgynous,androgyhous,androgynous,other,,,,,
androgynous,androgybous,androgynous,other,,,,,
androgynous,androgynius,androgynous,other,,,,,
androgynous,androgynkus,androgynous,other,,,,,
androgynous,androgynlus,androgynous,other,,,,,
androgynous,androgynpus,androgynous,other,,,,,
androgynous,androgyn0us,androgynous,other,,,,,
androgynous,androgyn9us,androgynous,other,,,,,
androgynous,androgynoys,androgynous,other,,,,,
androgynous,androgynohs,androgynous,other,,,,,
androgynous,androgynojs,androgynous,other,,,,,
androgynous,androgynoks,androgynous,other,,,,,
androgynous,androgynois,androgynous,other,,,,,
androgynous,androgyno8s,androgynous,other,,,,,
androgynous,androgyno7s,androgynous,other,,,,,
androgynous,androgynoua,androgynous,other,,,,,
androgynous,androgynouz,androgynous,other,,,,,
androgynous,androgynoux,androgynous,other,,,,,
androgynous,androgynoud,androgynous,other,,,,,
androgynous,androgynoue,androgynous,other,,,,,
androgynous,androgynouw,androgynous,other,,,,,
androgynous,nadrogynous,androgynous,other,,,,,
androgynous,adnrogynous,androgynous,other,,,,,
androgynous,anrdogynous,androgynous,other,,,,,
androgynous,andorgynous,androgynous,other,,,,,
androgynous,andrgoynous,androgynous,other,,,,,
androgynous,androygnous,androgynous,other,,,,,
androgynous,andrognyous,androgynous,other,,,,,
androgynous,androgyonus,androgynous,other,,,,,
androgynous,androgynuos,androgynous,other,,,,,
androgynous,androgynosu,androgynous,other,,,,,
androgynous,aandrogynous,androgynous,other,,,,,
androgynous,anndrogynous,androgynous,other,,,,,
androgynous,anddrogynous,androgynous,other,,,,,
androgynous,andrrogynous,androgynous,other,,,,,
androgynous,androogynous,androgynous,other,,,,,
androgynous,androggynous,androgynous,other,,,,,
androgynous,androgyynous,androgynous,other,,,,,
androgynous,androgynnous,androgynous,other,,,,,
androgynous,androgynoous,androgynous,other,,,,,
androgynous,androgynouus,androgynous,other,,,,,
androgynous,androgynouss,androgynous,other,,,,,
non-binary,on-binary,non-binary,other,,,,,
non-binary,nn-binary,non-binary,other,,,,,
non-binary,no-binary,non-binary,other,,,,,
non-binary,nonbinary,non-binary,other,,,,,
non-binary,non-inary,non-binary,other,,,,,
non-binary,non-bnary,non-binary,other,,,,,
non-binary,non-biary,non-binary,other,,,,,
non-binary,non-binry,non-binary,other,,,,,
non-binary,non-binay,non-binary,other,,,,,
non-binary,non-binar,non-binary,other,,,,,
non-binary,mon-binary,non-binary,other,,,,,
non-binary,jon-binary,non-binary,other,,,,,
non-binary,hon-binary,non-binary,other,,,,,
non-binary,bon-binary,non-binary,other,,,,,
non-binary,nin-binary,non-binary,other,,,,,
non-binary,nkn-binary,non-binary,other,,,,,
non-binary,nln-binary,non-binary,other,,,,,
non-binary,npn-binary,non-binary,other,,,,,
non-binary,n0n-binary,non-binary,other,,,,,
non-binary,n9n-binary,non-binary,other,,,,,
non-binary,nom-binary,non-binary,other,,,,,
non-binary,noj-binary,non-binary,other,,,,,
non-binary,noh-binary,non-binary,other,,,,,
non-binary,nob-binary,non-binary,other,,,,,
non-binary,non0binary,non-binary,other,,,,,
non-binary,nonpbinary,non-binary,other,,,,,
non-binary,non-ninary,non-binary,other,,,,,
non-binary,non-hinary,non-binary,other,,,,,
non-binary,non-ginary,non-binary,other,,,,,
non-binary,non-vinary,non-binary,other,,,,,
non-binary,non-bunary,non-binary,other,,,,,
non-binary,non-bjnary,non-binary,other,,,,,
non-binary,non-bknary,non-binary,other,,,,,
non-binary,non-blnary,non-binary,other,,,,,
non-binary,non-bonary,non-binary,other,,,,,
non-binary,non-b9nary,non-binary,other,,,,,
non-binary,non-b8nary,non-binary,other,,,,,
non-binary,non-bimary,non-binary,other,,,,,
non-binary,non-bijary,non-binary,other,,,,,
non-binary,non-bihary,non-binary,other,,,,,
non-binary,non-bibary,non-binary,other,,,,,
non-binary,non-binzry,non-binary,other,,,,,
non-binary,non-binxry,non-binary,other,,,,,
non-binary,non-binsry,non-binary,other,,,,,
non-binary,non-binwry,non-binary,other,,,,,
non-binary,non-binqry,non-binary,other,,,,,
non-binary,non-binaey,non-binary,other,,,,,
non-binary,non-binady,non-binary,other,,,,,
non-binary,non-binafy,non-binary,other,,,,,
non-binary,non-binagy,non-binary,other,,,,,
non-binary,non-binaty,non-binary,other,,,,,
non-binary,non-bina5y,non-binary,other,,,,,
non-binary,non-bina4y,non-binary,other,,,,,
non-binary,non-binart,non-binary,other,,,,,
non-binary,non-binarg,non-binary,other,,,,,
non-binary,non-binarh,non-binary,other,,,,,
non-binary,non-binarj,non-binary,other,,,,,
non-binary,non-binaru,non-binary,other,,,,,
non-binary,non-binar7,non-binary,other,,,,,
non-binary,non-binar6,non-binary,other,,,,,
non-binary,onn-binary,non-binary,other,,,,,
non-binary,nno-binary,non-binary,other,,,,,
non-binary,no-nbinary,non-binary,other,,,,,
non-binary,nonb-inary,non-binary,other,,,,,
non-binary,non-ibnary,non-binary,other,,,,,
non-binary,non-bniary,non-binary,other,,,,,
non-binary,non-bianry,non-binary,other,,,,,
non-binary,non-binray,non-binary,other,,,,,
non-binary,non-binayr,non-binary,other,,,,,
non-binary,nnon-binary,non-binary,other,,,,,
non-binary,noon-binary,non-binary,other,,,,,
non-binary,nonn-binary,non-binary,other,,,,,
non-binary,non--binary,non-binary,other,,,,,
non-binary,non-bbinary,non-binary,other,,,,,
non-binary,non-biinary,non-binary,other,,,,,
non-binary,non-binnary,non-binary,other,,,,,
non-binary,non-binaary,non-binary,other,,,,,
non-binary,non-binarry,non-binary,other,,,,,
non-binary,non-binaryy,non-binary,other,,,,,
nonbinary,onbinary,nonbinary,other,,,,,
nonbinary,nnbinary,nonbinary,other,,,,,
nonbinary,nobinary,nonbinary,other,,,,,
nonbinary,noninary,nonbinary,other,,,,,
nonbinary,nonbnary,nonbinary,other,,,,,
nonbinary,nonbiary,nonbinary,other,,,,,
nonbinary,nonbinry,nonbinary,other,,,,,
nonbinary,nonbinay,nonbinary,other,,,,,
nonbinary,nonbinar,nonbinary,other,,,,,
nonbinary,monbinary,nonbinary,other,,,,,
nonbinary,jonbinary,nonbinary,other,,,,,
nonbinary,honbinary,nonbinary,other,,,,,
nonbinary,bonbinary,nonbinary,other,,,,,
nonbinary,ninbinary,nonbinary,other,,,,,
nonbinary,nknbinary,nonbinary,other,,,,,
nonbinary,nlnbinary,nonbinary,other,,,,,
nonbinary,npnbinary,nonbinary,other,,,,,
nonbinary,n0nbinary,nonbinary,other,,,,,
nonbinary,n9nbinary,nonbinary,other,,,,,
nonbinary,nombinary,nonbinary,other,,,,,
nonbinary,nojbinary,nonbinary,other,,,,,
nonbinary,nohbinary,nonbinary,other,,,,,
nonbinary,nobbinary,nonbinary,other,,,,,
nonbinary,nonninary,nonbinary,other,,,,,
nonbinary,nonhinary,nonbinary,other,,,,,
nonbinary,nonginary,nonbinary,other,,,,,
nonbinary,nonvinary,nonbinary,other,,,,,
nonbinary,nonbunary,nonbinary,other,,,,,
nonbinary,nonbjnary,nonbinary,other,,,,,
nonbinary,nonbknary,nonbinary,other,,,,,
nonbinary,nonblnary,nonbinary,other,,,,,
nonbinary,nonbonary,nonbinary,other,,,,,
nonbinary,nonb9nary,nonbinary,other,,,,,
nonbinary,nonb8nary,nonbinary,other,,,,,
nonbinary,nonbimary,nonbinary,other,,,,,
nonbinary,nonbijary,nonbinary,other,,,,,
nonbinary,nonbihary,nonbinary,other,,,,,
nonbinary,nonbibary,nonbinary,other,,,,,
nonbinary,nonbinzry,nonbinary,other,,,,,
nonbinary,nonbinxry,nonbinary,other,,,,,
nonbinary,nonbinsry,nonbinary,other,,,,,
nonbinary,nonbinwry,nonbinary,other,,,,,
nonbinary,nonbinqry,nonbinary,other,,,,,
nonbinary,nonbinaey,nonbinary,other,,,,,
nonbinary,nonbinady,nonbinary,other,,,,,
nonbinary,nonbinafy,nonbinary,other,,,,,
nonbinary,nonbinagy,nonbinary,other,,,,,
nonbinary,nonbinaty,nonbinary,other,,,,,
nonbinary,nonbina5y,nonbinary,other,,,,,
nonbinary,nonbina4y,nonbinary,other,,,,,
nonbinary,nonbinart,nonbinary,other,,,,,
nonbinary,nonbinarg,nonbinary,other,,,,,
nonbinary,nonbinarh,nonbinary,other,,,,,
nonbinary,nonbinarj,nonbinary,other,,,,,
nonbinary,nonbinaru,nonbinary,other,,,,,
nonbinary,nonbinar7,nonbinary,other,,,,,
nonbinary,nonbinar6,nonbinary,other,,,,,
nonbinary,onnbinary,nonbinary,other,,,,,
nonbinary,nnobinary,nonbinary,other,,,,,
nonbinary,nobninary,nonbinary,other,,,,,
nonbinary,nonibnary,nonbinary,other,,,,,
nonbinary,nonbniary,nonbinary,other,,,,,
nonbinary,nonbianry,nonbinary,other,,,,,
nonbinary,nonbinray,nonbinary,other,,,,,
nonbinary,nonbinayr,nonbinary,other,,,,,
nonbinary,nnonbinary,nonbinary,other,,,,,
nonbinary,noonbinary,nonbinary,other,,,,,
nonbinary,nonnbinary,nonbinary,other,,,,,
nonbinary,nonbbinary,nonbinary,other,,,,,
nonbinary,nonbiinary,nonbinary,other,,,,,
nonbinary,nonbinnary,nonbinary,other,,,,,
nonbinary,nonbinaary,nonbinary,other,,,,,
nonbinary,nonbinarry,nonbinary,other,,,,,
nonbinary,nonbinaryy,nonbinary,other,,,,,
trans,rans,transgender,,,,,,
trans,tans,transgender,,,,,,
trans,trns,transgender,,,,,,
trans,tras,transgender,,,,,,
trans,tran,transgender,,,,,,
trans,rrans,transgender,,,,,,
trans,frans,transgender,,,,,,
trans,grans,transgender,,,,,,
trans,hrans,transgender,,,,,,
trans,yrans,transgender,,,,,,
trans,6rans,transgender,,,,,,
trans,5rans,transgender,,,,,,
trans,teans,transgender,,,,,,
trans,tdans,transgender,,,,,,
trans,tfans,transgender,,,,,,
trans,tgans,transgender,,,,,,
trans,ttans,transgender,,,,,,
trans,t5ans,transgender,,,,,,
trans,t4ans,transgender,,,,,,
trans,trzns,transgender,,,,,,
trans,trxns,transgender,,,,,,
trans,trsns,transgender,,,,,,
trans,trwns,transgender,,,,,,
trans,trqns,transgender,,,,,,
trans,trams,transgender,,,,,,
trans,trajs,transgender,,,,,,
trans,trahs,transgender,,,,,,
trans,trabs,transgender,,,,,,
trans,trana,transgender,,,,,,
trans,tranz,transgender,,,,,,
trans,tranx,transgender,,,,,,
trans,trand,transgender,,,,,,
trans,trane,transgender,,,,,,
trans,tranw,transgender,,,,,,
trans,rtans,transgender,,,,,,
trans,tarns,transgender,,,,,,
trans,trnas,transgender,,,,,,
trans,trasn,transgender,,,,,,
trans,ttrans,transgender,,,,,,
trans,trrans,transgender,,,,,,
trans,traans,transgender,,,,,,
trans,tranns,transgender,,,,,,
trans,transs,transgender,,,,,,
trans man,rans man,transgender male,,,,,,
trans man,tans man,transgender male,,,,,,
trans man,trns man,transgender male,,,,,,
trans man,tras man,transgender male,,,,,,
trans man,tran man,transgender male,,,,,,
trans man,transman,transgender male,,,,,,
trans man,trans an,transgender male,,,,,,
trans man,trans mn,transgender male,,,,,,
trans man,trans ma,transgender male,,,,,,
trans man,rrans man,transgender male,,,,,,
trans man,frans man,transgender male,,,,,,
trans man,grans man,transgender male,,,,,,
trans man,hrans man,transgender male,,,,,,
trans man,yrans man,transgender male,,,,,,
trans man,6rans man,transgender male,,,,,,
trans man,5rans man,transgender male,,,,,,
trans man,teans man,transgender male,,,,,,
trans man,tdans man,transgender male,,,,,,
trans man,tfans man,transgender male,,,,,,
trans man,tgans man,transgender male,,,,,,
trans man,ttans man,transgender male,,,,,,
trans man,t5ans man,transgender male,,,,,,
trans man,t4ans man,transgender male,,,,,,
trans man,trzns man,transgender male,,,,,,
trans man,trxns man,transgender male,,,,,,
trans man,trsns man,transgender male,,,,,,
trans man,trwns man,transgender male,,,,,,
trans man,trqns man,transgender male,,,,,,
trans man,trams man,transgender male,,,,,,
trans man,trajs man,transgender male,,,,,,
trans man,trahs man,transgender male,,,,,,
trans man,trabs man,transgender male,,,,,,
trans man,trana man,transgender male,,,,,,
trans man,tranz man,transgender male,,,,,,
trans man,tranx man,transgender male,,,,,,
trans man,trand man,transgender male,,,,,,
trans man,trane man,transgender male,,,,,,
trans man,tranw man,transgender male,,,,,,
trans man,trans kan,transgender male,,,,,,
trans man,trans jan,transgender male,,,,,,
trans man,trans nan,transgender male,,,,,,
trans man,trans mzn,transgender male,,,,,,
trans man,trans mxn,transgender male,,,,,,
trans man,trans msn,transgender male,,,,,,
trans man,trans mwn,transgender male,,,,,,
trans man,trans mqn,transgender male,,,,,,
trans man,trans mam,transgender male,,,,,,
trans man,trans maj,transgender male,,,,,,
trans man,trans mah,transgender male,,,,,,
trans man,trans mab,transgender male,,,,,,
trans man,rtans man,transgender male,,,,,,
trans man,tarns man,transgender male,,,,,,
trans man,trnas man,transgender male,,,,,,
trans man,trasn man,transgender male,,,,,,
trans man,tran sman,transgender male,,,,,,
trans man,transm an,transgender male,,,,,,
trans man,trans amn,transgender male,,,,,,
trans man,trans mna,transgender male,,,,,,
trans man,ttrans man,transgender male,,,,,,
trans man,trrans man,transgender male,,,,,,
trans man,traans man,transgender male,,,,,,
trans man,tranns man,transgender male,,,,,,
trans man,transs man,transgender male,,,,,,
trans man,trans  man,transgender male,,,,,,
trans man,trans mman,transgender male,,,,,,
trans man,trans maan,transgender male,,,,,,
trans man,trans mann,transgender male,,,,,,
trans woman,rans woman,transgender female,,,,,,
trans woman,tans woman,transgender female,,,,,,
trans woman,trns woman,transgender female,,,,,,
trans woman,tras woman,transgender female,,,,,,
trans woman,tran woman,transgender female,,,,,,
trans woman,transwoman,transgender female,,,,,,
trans woman,trans oman,transgender female,,,,,,
trans woman,trans wman,transgender female,,,,,,
trans woman,trans woan,transgender female,,,,,,
trans woman,trans womn,transgender female,,,,,,
trans woman,trans woma,transgender female,,,,,,
trans woman,rrans woman,transgender female,,,,,,
trans woman,frans woman,transgender female,,,,,,
trans woman,grans woman,transgender female,,,,,,
trans woman,hrans woman,transgender female,,,,,,
trans woman,yrans woman,transgender female,,,,,,
trans woman,6rans woman,transgender female,,,,,,
trans woman,5rans woman,transgender female,,,,,,
trans woman,teans woman,transgender female,,,,,,
trans woman,tdans woman,transgender female,,,,,,
trans woman,tfans woman,transgender female,,,,,,
trans woman,tgans woman,transgender female,,,,,,
trans woman,ttans woman,transgender female,,,,,,
trans woman,t5ans woman,transgender female,,,,,,
trans woman,t4ans woman,transgender female,,,,,,
trans woman,trzns woman,transgender female,,,,,,
trans woman,trxns woman,transgender female,,,,,,
trans woman,trsns woman,transgender female,,,,,,
trans woman,trwns woman,transgender female,,,,,,
trans woman,trqns woman,transgender female,,,,,,
trans woman,trams woman,transgender female,,,,,,
trans woman,trajs woman,transgender female,,,,,,
trans woman,trahs woman,transgender female,,,,,,
trans woman,trabs woman,transgender female,,,,,,
trans woman,trana woman,transgender female,,,,,,
trans woman,tranz woman,transgender female,,,,,,
trans woman,tranx woman,transgender female,,,,,,
trans woman,trand woman,transgender female,,,,,,
trans woman,trane woman,transgender female,,,,,,
trans woman,tranw woman,transgender female,,,,,,
trans woman,trans qoman,transgender female,,,,,,
trans woman,trans aoman,transgender female,,,,,,
trans woman,trans soman,transgender female,,,,,,
trans woman,trans doman,transgender female,,,,,,
trans woman,trans eoman,transgender female,,,,,,
trans woman,trans 3oman,transgender female,,,,,,
trans woman,trans 2oman,transgender female,,,,,,
trans woman,trans wiman,transgender female,,,,,,
trans woman,trans wkman,transgender female,,,,,,
trans woman,trans wlman,transgender female,,,,,,
trans woman,trans wpman,transgender female,,,,,,
trans woman,trans w0man,transgender female,,,,,,
trans woman,trans w9man,transgender female,,,,,,
trans woman,trans wokan,transgender female,,,,,,
trans woman,trans wojan,transgender female,,,,,,
trans woman,trans wonan,transgender female,,,,,,
trans woman,trans womzn,transgender female,,,,,,
trans woman,trans womxn,transgender female,,,,,,
trans woman,trans womsn,transgender female,,,,,,
trans woman,trans womwn,transgender female,,,,,,
trans woman,trans womqn,transgender female,,,,,,
trans woman,trans womam,transgender female,,,,,,
trans woman,trans womaj,transgender female,,,,,,
trans woman,trans womah,transgender female,,,,,,
trans woman,trans womab,transgender female,,,,,,
trans woman,rtans woman,transgender female,,,,,,
trans woman,tarns woman,transgender female,,,,,,
trans woman,trnas woman,transgender female,,,,,,
trans woman,trasn woman,transgender female,,,,,,
trans woman,tran swoman,transgender female,,,,,,
trans woman,transw oman,transgender female,,,,,,
trans woman,trans owman,transgender female,,,,,,
trans woman,trans wmoan,transgender female,,,,,,
trans woman,trans woamn,transgender female,,,,,,
trans woman,trans womna,transgender female,,,,,,
trans woman,ttrans woman,transgender female,,,,,,
trans woman,trrans woman,transgender female,,,,,,
trans woman,traans woman,transgender female,,,,,,
trans woman,tranns woman,transgender female,,,,,,
trans woman,transs woman,transgender female,,,,,,
trans woman,trans  woman,transgender female,,,,,,
trans woman,trans wwoman,transgender female,,,,,,
trans woman,trans wooman,transgender female,,,,,,
trans woman,trans womman,transgender female,,,,,,
trans woman,trans womaan,transgender female,,,,,,
trans woman,trans womann,transgender female,,,,,,
transman,ransman,transgender male,,,,,,
transman,tansman,transgender male,,,,,,
transman,trnsman,transgender male,,,,,,
transman,trasman,transgender male,,,,,,
transman,tranman,transgender male,,,,,,
transman,transan,transgender male,,,,,,
transman,transmn,transgender male,,,,,,
transman,transma,transgender male,,,,,,
transman,rransman,transgender male,,,,,,
transman,fransman,transgender male,,,,,,
transman,gransman,transgender male,,,,,,
transman,hransman,transgender male,,,,,,
transman,yransman,transgender male,,,,,,
transman,6ransman,transgender male,,,,,,
transman,5ransman,transgender male,,,,,,
transman,teansman,transgender male,,,,,,
transman,tdansman,transgender male,,,,,,
transman,tfansman,transgender male,,,,,,
transman,tgansman,transgender male,,,,,,
transman,ttansman,transgender male,,,,,,
transman,t5ansman,transgender male,,,,,,
transman,t4ansman,transgender male,,,,,,
transman,trznsman,transgender male,,,,,,
transman,trxnsman,transgender male,,,,,,
transman,trsnsman,transgender male,,,,,,
transman,trwnsman,transgender male,,,,,,
transman,trqnsman,transgender male,,,,,,
transman,tramsman,transgender male,,,,,,
transman,trajsman,transgender male,,,,,,
transman,trahsman,transgender male,,,,,,
transman,trabsman,transgender male,,,,,,
transman,tranaman,transgender male,,,,,,
transman,tranzman,transgender male,,,,,,
transman,tranxman,transgender male,,,,,,
transman,trandman,transgender male,,,,,,
transman,traneman,transgender male,,,,,,
transman,tranwman,transgender male,,,,,,
transman,transkan,transgender male,,,,,,
transman,transjan,transgender male,,,,,,
transman,transnan,transgender male,,,,,,
transman,transmzn,transgender male,,,,,,
transman,transmxn,transgender male,,,,,,
transman,transmsn,transgender male,,,,,,
transman,transmwn,transgender male,,,,,,
transman,transmqn,transgender male,,,,,,
transman,transmam,transgender male,,,,,,
transman,transmaj,transgender male,,,,,,
transman,transmah,transgender male,,,,,,
transman,transmab,transgender male,,,,,,
transman,rtansman,transgender male,,,,,,
transman,tarnsman,transgender male,,,,,,
transman,trnasman,transgender male,,,,,,
transman,trasnman,transgender male,,,,,,
transman,tranmsan,transgender male,,,,,,
transman,transamn,transgender male,,,,,,
transman,transmna,transgender male,,,,,,
transman,ttransman,transgender male,,,,,,
transman,trransman,transgender male,,,,,,
transman,traansman,transgender male,,,,,,
transman,trannsman,transgender male,,,,,,
transman,transsman,transgender male,,,,,,
transman,transmman,transgender male,,,,,,
transman,transmaan,transgender male,,,,,,
transman,transmann,transgender male,,,,,,
transwoman,ranswoman,transgender female,,,,,,
transwoman,tanswoman,transgender female,,,,,,
transwoman,trnswoman,transgender female,,,,,,
transwoman,traswoman,transgender female,,,,,,
transwoman,tranwoman,transgender female,,,,,,
transwoman,transoman,transgender female,,,,,,
transwoman,transwman,transgender female,,,,,,
transwoman,transwoan,transgender female,,,,,,
transwoman,transwomn,transgender female,,,,,,
transwoman,transwoma,transgender female,,,,,,
transwoman,rranswoman,transgender female,,,,,,
transwoman,franswoman,transgender female,,,,,,
transwoman,granswoman,transgender female,,,,,,
transwoman,hranswoman,transgender female,,,,,,
transwoman,yranswoman,transgender female,,,,,,
transwoman,6ranswoman,transgender female,,,,,,
transwoman,5ranswoman,transgender female,,,,,,
transwoman,teanswoman,transgender female,,,,,,
transwoman,tdanswoman,transgender female,,,,,,
transwoman,tfanswoman,transgender female,,,,,,
transwoman,tganswoman,transgender female,,,,,,
transwoman,ttanswoman,transgender female,,,,,,
transwoman,t5answoman,transgender female,,,,,,
transwoman,t4answoman,transgender female,,,,,,
transwoman,trznswoman,transgender female,,,,,,
transwoman,trxnswoman,transgender female,,,,,,
transwoman,trsnswoman,transgender female,,,,,,
transwoman,trwnswoman,transgender female,,,,,,
transwoman,trqnswoman,transgender female,,,,,,
transwoman,tramswoman,transgender female,,,,,,
transwoman,trajswoman,transgender female,,,,,,
transwoman,trahswoman,transgender female,,,,,,
transwoman,trabswoman,transgender female,,,,,,
transwoman,tranawoman,transgender female,,,,,,
transwoman,tranzwoman,transgender female,,,,,,
transwoman,tranxwoman,transgender female,,,,,,
transwoman,trandwoman,transgender female,,,,,,
transwoman,tranewoman,transgender female,,,,,,
transwoman,tranwwoman,transgender female,,,,,,
transwoman,transqoman,transgender female,,,,,,
transwoman,transaoman,transgender female,,,,,,
transwoman,transsoman,transgender female,,,,,,
transwoman,transdoman,transgender female,,,,,,
transwoman,transeoman,transgender female,,,,,,
transwoman,trans3oman,transgender female,,,,,,
transwoman,trans2oman,transgender female,,,,,,
transwoman,transwiman,transgender female,,,,,,
transwoman,transwkman,transgender female,,,,,,
transwoman,transwlman,transgender female,,,,,,
transwoman,transwpman,transgender female,,,,,,
transwoman,transw0man,transgender female,,,,,,
transwoman,transw9man,transgender female,,,,,,
transwoman,transwokan,transgender female,,,,,,
transwoman,transwojan,transgender female,,,,,,
transwoman,transwonan,transgender female,,,,,,
transwoman,transwomzn,transgender female,,,,,,
transwoman,transwomxn,transgender female,,,,,,
transwoman,transwomsn,transgender female,,,,,,
transwoman,transwomwn,transgender female,,,,,,
transwoman,transwomqn,transgender female,,,,,,
transwoman,transwomam,transgender female,,,,,,
transwoman,transwomaj,transgender female,,,,,,
transwoman,transwomah,transgender female,,,,,,
transwoman,transwomab,transgender female,,,,,,
transwoman,rtanswoman,transgender female,,,,,,
transwoman,tarnswoman,transgender female,,,,,,
transwoman,trnaswoman,transgender female,,,,,,
transwoman,trasnwoman,transgender female,,,,,,
transwoman,tranwsoman,transgender female,,,,,,
transwoman,transowman,transgender female,,,,,,
transwoman,transwmoan,transgender female,,,,,,
transwoman,transwoamn,transgender female,,,,,,
transwoman,transwomna,transgender female,,,,,,
transwoman,ttranswoman,transgender female,,,,,,
transwoman,trranswoman,transgender female,,,,,,
transwoman,traanswoman,transgender female,,,,,,
transwoman,trannswoman,transgender female,,,,,,
transwoman,transswoman,transgender female,,,,,,
transwoman,transwwoman,transgender female,,,,,,
transwoman,transwooman,transgender female,,,,,,
transwoman,transwomman,transgender female,,,,,,
transwoman,transwomaan,transgender female,,,,,,
transwoman,transwomann,transgender female,,,,,,
transgender man,ransgender man,transgender male,,,,,,
transgender man,tansgender man,transgender male,,,,,,
transgender man,trnsgender man,transgender male,,,,,,
transgender man,trasgender man,transgender male,,,,,,
transgender man,trangender man,transgender male,,,,,,
transgender man,transender man,transgender male,,,,,,
transgender man,transgnder man,transgender male,,,,,,
transgender man,transgeder man,transgender male,,,,,,
transgender man,transgener man,transgender male,,,,,,
transgender man,transgendr man,transgender male,,,,,,
transgender man,transgende man,transgender male,,,,,,
transgender man,transgenderman,transgender male,,,,,,
transgender man,transgender an,transgender male,,,,,,
transgender man,transgender mn,transgender male,,,,,,
transgender man,transgender ma,transgender male,,,,,,
transgender man,rransgender man,transgender male,,,,,,
transgender man,fransgender man,transgender male,,,,,,
transgender man,gransgender man,transgender male,,,,,,
transgender man,hransgender man,transgender male,,,,,,
transgender man,yransgender man,transgender male,,,,,,
transgender man,6ransgender man,transgender male,,,,,,
transgender man,5ransgender man,transgender male,,,,,,
transgender man,teansgender man,transgender male,,,,,,
transgender man,tdansgender man,transgender male,,,,,,
transgender man,tfansgender man,transgender male,,,,,,
transgender man,tgansgender man,transgender male,,,,,,
transgender man,ttansgender man,transgender male,,,,,,
transgender man,t5ansgender man,transgender male,,,,,,
transgender man,t4ansgender man,transgender male,,,,,,
transgender man,trznsgender man,transgender male,,,,,,
transgender man,trxnsgender man,transgender male,,,,,,
transgender man,trsnsgender man,transgender male,,,,,,
transgender man,trwnsgender man,transgender male,,,,,,
transgender man,trqnsgender man,transgender male,,,,,,
transgender man,tramsgender man,transgender male,,,,,,
transgender man,trajsgender man,transgender male,,,,,,
transgender man,trahsgender man,transgender male,,,,,,
transgender man,trabsgender man,transgender male,,,,,,
transgender man,tranagender man,transgender male,,,,,,
transgender man,tranzgender man,transgender male,,,,,,
transgender man,tranxgender man,transgender male,,,,,,
transgender man,trandgender man,transgender male,,,,,,
transgender man,tranegender man,transgender male,,,,,,
transgender man,tranwgender man,transgender male,,,,,,
transgender man,transfender man,transgender male,,,,,,
transgender man,transvender man,transgender male,,,,,,
transgender man,transbender man,transgender male,,,,,,
transgender man,transhender man,transgender male,,,,,,
transgender man,transyender man,transgender male,,,,,,
transgender man,transtender man,transgender male,,,,,,
transgender man,transgwnder man,transgender male,,,,,,
transgender man,transgsnder man,transgender male,,,,,,
transgender man,transgdnder man,transgender male,,,,,,
transgender man,transgfnder man,transgender male,,,,,,
transgender man,transgrnder man,transgender male,,,,,,
transgender man,transg4nder man,transgender male,,,,,,
transgender man,transg3nder man,transgender male,,,,,,
transgender man,transgemder man,transgender male,,,,,,
transgender man,transgejder man,transgender male,,,,,,
transgender man,transgehder man,transgender male,,,,,,
transgender man,transgebder man,transgender male,,,,,,
transgender man,transgenser man,transgender male,,,,,,
transgender man,transgenxer man,transgender male,,,,,,
transgender man,transgencer man,transgender male,,,,,,
transgender man,transgenfer man,transgender male,,,,,,
transgender man,transgenrer man,transgender male,,,,,,
transgender man,transgeneer man,transgender male,,,,,,
transgender man,transgendwr man,transgender male,,,,,,
transgender man,transgendsr man,transgender male,,,,,,
transgender man,transgenddr man,transgender male,,,,,,
transgender man,transgendfr man,transgender male,,,,,,
transgender man,transgendrr man,transgender male,,,,,,
transgender man,transgend4r man,transgender male,,,,,,
transgender man,transgend3r man,transgender male,,,,,,
transgender man,transgendee man,transgender male,,,,,,
transgender man,transgended man,transgender male,,,,,,
transgender man,transgendef man,transgender male,,,,,,
transgender man,transgendeg man,transgender male,,,,,,
transgender man,transgendet man,transgender male,,,,,,
transgender man,transgende5 man,transgender male,,,,,,
transgender man,transgende4 man,transgender male,,,,,,
transgender man,transgender kan,transgender male,,,,,,
transgender man,transgender jan,transgender male,,,,,,
transgender man,transgender nan,transgender male,,,,,,
transgender man,transgender mzn,transgender male,,,,,,
transgender man,transgender mxn,transgender male,,,,,,
transgender man,transgender msn,transgender male,,,,,,
transgender man,transgender mwn,transgender male,,,,,,
transgender man,transgender mqn,transgender male,,,,,,
transgender man,transgender mam,transgender male,,,,,,
transgender man,transgender maj,transgender male,,,,,,
transgender man,transgender mah,transgender male,,,,,,
transgender man,transgender mab,transgender male,,,,,,
transgender man,rtansgender man,transgender male,,,,,,
transgender man,tarnsgender man,transgender male,,,,,,
transgender man,trnasgender man,transgender male,,,,,,
transgender man,trasngender man,transgender male,,,,,,
transgender man,trangsender man,transgender male,,,,,,
transgender man,transegnder man,transgender male,,,,,,
transgender man,transgneder man,transgender male,,,,,,
transgender man,transgedner man,transgender male,,,,,,
transgender man,transgenedr man,transgender male,,,,,,
transgender man,transgendre man,transgender male,,,,,,
transgender man,transgende rman,transgender male,,,,,,
transgender man,transgenderm an,transgender male,,,,,,
transgender man,transgender amn,transgender male,,,,,,
transgender man,transgender mna,transgender male,,,,,,
transgender man,ttransgender man,transgender male,,,,,,
transgender man,trransgender man,transgender male,,,,,,
transgender man,traansgender man,transgender male,,,,,,
transgender man,trannsgender man,transgender male,,,,,,
transgender man,transsgender man,transgender male,,,,,,
transgender man,transggender man,transgender male,,,,,,
transgender man,transgeender man,transgender male,,,,,,
transgender man,transgennder man,transgender male,,,,,,
transgender man,transgendder man,transgender male,,,,,,
transgender man,transgendeer man,transgender male,,,,,,
transgender man,transgenderr man,transgender male,,,,,,
transgender man,transgender  man,transgender male,,,,,,
transgender man,transgender mman,transgender male,,,,,,
transgender man,transgender maan,transgender male,,,,,,
transgender man,transgender mann,transgender male,,,,,,
transgenderman,ransgenderman,transgender male,,,,,,
transgenderman,tansgenderman,transgender male,,,,,,
transgenderman,trnsgenderman,transgender male,,,,,,
transgenderman,trasgenderman,transgender male,,,,,,
transgenderman,trangenderman,transgender male,,,,,,
transgenderman,transenderman,transgender male,,,,,,
transgenderman,transgnderman,transgender male,,,,,,
transgenderman,transgederman,transgender male,,,,,,
transgenderman,transgenerman,transgender male,,,,,,
transgenderman,transgendrman,transgender male,,,,,,
transgenderman,transgendeman,transgender male,,,,,,
transgenderman,transgenderan,transgender male,,,,,,
transgenderman,transgendermn,transgender male,,,,,,
transgenderman,transgenderma,transgender male,,,,,,
transgenderman,rransgenderman,transgender male,,,,,,
transgenderman,fransgenderman,transgender male,,,,,,
transgenderman,gransgenderman,transgender male,,,,,,
transgenderman,hransgenderman,transgender male,,,,,,
transgenderman,yransgenderman,transgender male,,,,,,
transgenderman,6ransgenderman,transgender male,,,,,,
transgenderman,5ransgenderman,transgender male,,,,,,
transgenderman,teansgenderman,transgender male,,,,,,
transgenderman,tdansgenderman,transgender male,,,,,,
transgenderman,tfansgenderman,transgender male,,,,,,
transgenderman,tgansgenderman,transgender male,,,,,,
transgenderman,ttansgenderman,transgender male,,,,,,
transgenderman,t5ansgenderman,transgender male,,,,,,
transgenderman,t4ansgenderman,transgender male,,,,,,
transgenderman,trznsgenderman,transgender male,,,,,,
transgenderman,trxnsgenderman,transgender male,,,,,,
transgenderman,trsnsgenderman,transgender male,,,,,,
transgenderman,trwnsgenderman,transgender male,,,,,,
transgenderman,trqnsgenderman,transgender male,,,,,,
transgenderman,tramsgenderman,transgender male,,,,,,
transgenderman,trajsgenderman,transgender male,,,,,,
transgenderman,trahsgenderman,transgender male,,,,,,
transgenderman,trabsgenderman,transgender male,,,,,,
transgenderman,tranagenderman,transgender male,,,,,,
transgenderman,tranzgenderman,transgender male,,,,,,
transgenderman,tranxgenderman,transgender male,,,,,,
transgenderman,trandgenderman,transgender male,,,,,,
transgenderman,tranegenderman,transgender male,,,,,,
transgenderman,tranwgenderman,transgender male,,,,,,
transgenderman,transfenderman,transgender male,,,,,,
transgenderman,transvenderman,transgender male,,,,,,
transgenderman,transbenderman,transgender male,,,,,,
transgenderman,transhenderman,transgender male,,,,,,
transgenderman,transyenderman,transgender male,,,,,,
transgenderman,transtenderman,transgender male,,,,,,
transgenderman,transgwnderman,transgender male,,,,,,
transgenderman,transgsnderman,transgender male,,,,,,
transgenderman,transgdnderman,transgender male,,,,,,
transgenderman,transgfnderman,transgender male,,,,,,
transgenderman,transgrnderman,transgender male,,,,,,
transgenderman,transg4nderman,transgender male,,,,,,
transgenderman,transg3nderman,transgender male,,,,,,
transgenderman,transgemderman,transgender male,,,,,,
transgenderman,transgejderman,transgender male,,,,,,
transgenderman,transgehderman,transgender male,,,,,,
transgenderman,transgebderman,transgender male,,,,,,
transgenderman,transgenserman,transgender male,,,,,,
transgenderman,transgenxerman,transgender male,,,,,,
transgenderman,transgencerman,transgender male,,,,,,
transgenderman,transgenferman,transgender male,,,,,,
transgenderman,transgenrerman,transgender male,,,,,,
transgenderman,transgeneerman,transgender male,,,,,,
transgenderman,transgendwrman,transgender male,,,,,,
transgenderman,transgendsrman,transgender male,,,,,,
transgenderman,transgenddrman,transgender male,,,,,,
transgenderman,transgendfrman,transgender male,,,,,,
transgenderman,transgendrrman,transgender male,,,,,,
transgenderman,transgend4rman,transgender male,,,,,,
transgenderman,transgend3rman,transgender male,,,,,,
transgenderman,transgendeeman,transgender male,,,,,,
transgenderman,transgendedman,transgender male,,,,,,
transgenderman,transgendefman,transgender male,,,,,,
transgenderman,transgendegman,transgender male,,,,,,
transgenderman,transgendetman,transgender male,,,,,,
transgenderman,transgende5man,transgender male,,,,,,
transgenderman,transgende4man,transgender male,,,,,,
transgenderman,transgenderkan,transgender male,,,,,,
transgenderman,transgenderjan,transgender male,,,,,,
transgenderman,transgendernan,transgender male,,,,,,
transgenderman,transgendermzn,transgender male,,,,,,
transgenderman,transgendermxn,transgender male,,,,,,
transgenderman,transgendermsn,transgender male,,,,,,
transgenderman,transgendermwn,transgender male,,,,,,
transgenderman,transgendermqn,transgender male,,,,,,
transgenderman,transgendermam,transgender male,,,,,,
transgenderman,transgendermaj,transgender male,,,,,,
transgenderman,transgendermah,transgender male,,,,,,
transgenderman,transgendermab,transgender male,,,,,,
transgenderman,rtansgenderman,transgender male,,,,,,
transgenderman,tarnsgenderman,transgender male,,,,,,
transgenderman,trnasgenderman,transgender male,,,,,,
transgenderman,trasngenderman,transgender male,,,,,,
transgenderman,trangsenderman,transgender male,,,,,,
transgenderman,transegnderman,transgender male,,,,,,
transgenderman,transgnederman,transgender male,,,,,,
transgenderman,transgednerman,transgender male,,,,,,
transgenderman,transgenedrman,transgender male,,,,,,
transgenderman,transgendreman,transgender male,,,,,,
transgenderman,transgendemran,transgender male,,,,,,
transgenderman,transgenderamn,transgender male,,,,,,
transgenderman,transgendermna,transgender male,,,,,,
transgenderman,ttransgenderman,transgender male,,,,,,
transgenderman,trransgenderman,transgender male,,,,,,
transgenderman,traansgenderman,transgender male,,,,,,
transgenderman,trannsgenderman,transgender male,,,,,,
transgenderman,transsgenderman,transgender male,,,,,,
transgenderman,transggenderman,transgender male,,,,,,
transgenderman,transgeenderman,transgender male,,,,,,
transgenderman,transgennderman,transgender male,,,,,,
transgenderman,transgendderman,transgender male,,,,,,
transgenderman,transgendeerman,transgender male,,,,,,
transgenderman,transgenderrman,transgender male,,,,,,
transgenderman,transgendermman,transgender male,,,,,,
transgenderman,transgendermaan,transgender male,,,,,,
transgenderman,transgendermann,transgender male,,,,,,
transgender male,ransgender male,transgender male,,,,,,
transgender male,tansgender male,transgender male,,,,,,
transgender male,trnsgender male,transgender male,,,,,,
transgender male,trasgender male,transgender male,,,,,,
transgender male,trangender male,transgender male,,,,,,
transgender male,transender male,transgender male,,,,,,
transgender male,transgnder male,transgender male,,,,,,
transgender male,transgeder male,transgender male,,,,,,
transgender male,transgener male,transgender male,,,,,,
transgender male,transgendr male,transgender male,,,,,,
transgender male,transgende male,transgender male,,,,,,
transgender male,transgendermale,transgender male,,,,,,
transgender male,transgender ale,transgender male,,,,,,
transgender male,transgender mle,transgender male,,,,,,
transgender male,transgender mae,transgender male,,,,,,
transgender male,transgender mal,transgender male,,,,,,
transgender male,rransgender male,transgender male,,,,,,
transgender male,fransgender male,transgender male,,,,,,
transgender male,gransgender male,transgender male,,,,,,
transgender male,hransgender male,transgender male,,,,,,
transgender male,yransgender male,transgender male,,,,,,
transgender male,6ransgender male,transgender male,,,,,,
transgender male,5ransgender male,transgender male,,,,,,
transgender male,teansgender male,transgender male,,,,,,
transgender male,tdansgender male,transgender male,,,,,,
transgender male,tfansgender male,transgender male,,,,,,
transgender male,tgansgender male,transgender male,,,,,,
transgender male,ttansgender male,transgender male,,,,,,
transgender male,t5ansgender male,transgender male,,,,,,
transgender male,t4ansgender male,transgender male,,,,,,
transgender male,trznsgender male,transgender male,,,,,,
transgender male,trxnsgender male,transgender male,,,,,,
transgender male,trsnsgender male,transgender male,,,,,,
transgender male,trwnsgender male,transgender male,,,,,,
transgender male,trqnsgender male,transgender male,,,,,,
transgender male,tramsgender male,transgender male,,,,,,
transgender male,trajsgender male,transgender male,,,,,,
transgender male,trahsgender male,transgender male,,,,,,
transgender male,trabsgender male,transgender male,,,,,,
transgender male,tranagender male,transgender male,,,,,,
transgender male,tranzgender male,transgender male,,,,,,
transgender male,tranxgender male,transgender male,,,,,,
transgender male,trandgender male,transgender male,,,,,,
transgender male,tranegender male,transgender male,,,,,,
transgender male,tranwgender male,transgender male,,,,,,
transgender male,transfender male,transgender male,,,,,,
transgender male,transvender male,transgender male,,,,,,
transgender male,transbender male,transgender male,,,,,,
transgender male,transhender male,transgender male,,,,,,
transgender male,transyender male,transgender male,,,,,,
transgender male,transtender male,transgender male,,,,,,
transgender male,transgwnder male,transgender male,,,,,,
transgender male,transgsnder male,transgender male,,,,,,
transgender male,transgdnder male,transgender male,,,,,,
transgender male,transgfnder male,transgender male,,,,,,
transgender male,transgrnder male,transgender male,,,,,,
transgender male,transg4nder male,transgender male,,,,,,
transgender male,transg3nder male,transgender male,,,,,,
transgender male,transgemder male,transgender male,,,,,,
transgender male,transgejder male,transgender male,,,,,,
transgender male,transgehder male,transgender male,,,,,,
transgender male,transgebder male,transgender male,,,,,,
transgender male,transgenser male,transgender male,,,,,,
transgender male,transgenxer male,transgender male,,,,,,
transgender male,transgencer male,transgender male,,,,,,
transgender male,transgenfer male,transgender male,,,,,,
transgender male,transgenrer male,transgender male,,,,,,
transgender male,transgeneer male,transgender male,,,,,,
transgender male,transgendwr male,transgender male,,,,,,
transgender male,transgendsr male,transgender male,,,,,,
transgender male,transgenddr male,transgender male,,,,,,
transgender male,transgendfr male,transgender male,,,,,,
transgender male,transgendrr male,transgender male,,,,,,
transgender male,transgend4r male,transgender male,,,,,,
transgender male,transgend3r male,transgender male,,,,,,
transgender male,transgendee male,transgender male,,,,,,
transgender male,transgended male,transgender male,,,,,,
transgender male,transgendef male,transgender male,,,,,,
transgender male,transgendeg male,transgender male,,,,,,
transgender male,transgendet male,transgender male,,,,,,
transgender male,transgende5 male,transgender male,,,,,,
transgender male,transgende4 male,transgender male,,,,,,
transgender male,transgender kale,transgender male,,,,,,
transgender male,transgender jale,transgender male,,,,,,
transgender male,transgender nale,transgender male,,,,,,
transgender male,transgender mzle,transgender male,,,,,,
transgender male,transgender mxle,transgender male,,,,,,
transgender male,transgender msle,transgender male,,,,,,
transgender male,transgender mwle,transgender male,,,,,,
transgender male,transgender mqle,transgender male,,,,,,
transgender male,transgender make,transgender male,,,,,,
transgender male,transgender mape,transgender male,,,,,,
transgender male,transgender maoe,transgender male,,,,,,
transgender male,transgender male,transgender male,,,,,,
transgender male,transgender malw,transgender male,,,,,,
transgender male,transgender mals,transgender male,,,,,,
transgender male,transgender mald,transgender male,,,,,,
transgender male,transgender malf,transgender male,,,,,,
transgender male,transgender malr,transgender male,,,,,,
transgender male,transgender mal4,transgender male,,,,,,
transgender male,transgender mal3,transgender male,,,,,,
transgender male,rtansgender male,transgender male,,,,,,
transgender male,tarnsgender male,transgender male,,,,,,
transgender male,trnasgender male,transgender male,,,,,,
transgender male,trasngender male,transgender male,,,,,,
transgender male,trangsender male,transgender male,,,,,,
transgender male,transegnder male,transgender male,,,,,,
transgender male,transgneder male,transgender male,,,,,,
transgender male,transgedner male,transgender male,,,,,,
transgender male,transgenedr male,transgender male,,,,,,
transgender male,transgendre male,transgender male,,,,,,
transgender male,transgende rmale,transgender male,,,,,,
transgender male,transgenderm ale,transgender male,,,,,,
transgender male,transgender amle,transgender male,,,,,,
transgender male,transgender mlae,transgender male,,,,,,
transgender male,transgender mael,transgender male,,,,,,
transgender male,ttransgender male,transgender male,,,,,,
transgender male,trransgender male,transgender male,,,,,,
transgender male,traansgender male,transgender male,,,,,,
transgender male,trannsgender male,transgender male,,,,,,
transgender male,transsgender male,transgender male,,,,,,
transgender male,transggender male,transgender male,,,,,,
transgender male,transgeender male,transgender male,,,,,,
transgender male,transgennder male,transgender male,,,,,,
transgender male,transgendder male,transgender male,,,,,,
transgender male,transgendeer male,transgender male,,,,,,
transgender male,transgenderr male,transgender male,,,,,,
transgender male,transgender  male,transgender male,,,,,,
transgender male,transgender mmale,transgender male,,,,,,
transgender male,transgender maale,transgender male,,,,,,
transgender male,transgender malle,transgender male,,,,,,
transgender male,transgender malee,transgender male,,,,,,
transgendermale,ransgendermale,transgender male,,,,,,
transgendermale,tansgendermale,transgender male,,,,,,
transgendermale,trnsgendermale,transgender male,,,,,,
transgendermale,trasgendermale,transgender male,,,,,,
transgendermale,trangendermale,transgender male,,,,,,
transgendermale,transendermale,transgender male,,,,,,
transgendermale,transgndermale,transgender male,,,,,,
transgendermale,transgedermale,transgender male,,,,,,
transgendermale,transgenermale,transgender male,,,,,,
transgendermale,transgendrmale,transgender male,,,,,,
transgendermale,transgendemale,transgender male,,,,,,
transgendermale,transgenderale,transgender male,,,,,,
transgendermale,transgendermle,transgender male,,,,,,
transgendermale,transgendermae,transgender male,,,,,,
transgendermale,transgendermal,transgender male,,,,,,
transgendermale,rransgendermale,transgender male,,,,,,
transgendermale,fransgendermale,transgender male,,,,,,
transgendermale,gransgendermale,transgender male,,,,,,
transgendermale,hransgendermale,transgender male,,,,,,
transgendermale,yransgendermale,transgender male,,,,,,
transgendermale,6ransgendermale,transgender male,,,,,,
transgendermale,5ransgendermale,transgender male,,,,,,
transgendermale,teansgendermale,transgender male,,,,,,
transgendermale,tdansgendermale,transgender male,,,,,,
transgendermale,tfansgendermale,transgender male,,,,,,
transgendermale,tgansgendermale,transgender male,,,,,,
transgendermale,ttansgendermale,transgender male,,,,,,
transgendermale,t5ansgendermale,transgender male,,,,,,
transgendermale,t4ansgendermale,transgender male,,,,,,
transgendermale,trznsgendermale,transgender male,,,,,,
transgendermale,trxnsgendermale,transgender male,,,,,,
transgendermale,trsnsgendermale,transgender male,,,,,,
transgendermale,trwnsgendermale,transgender male,,,,,,
transgendermale,trqnsgendermale,transgender male,,,,,,
transgendermale,tramsgendermale,transgender male,,,,,,
transgendermale,trajsgendermale,transgender male,,,,,,
transgendermale,trahsgendermale,transgender male,,,,,,
transgendermale,trabsgendermale,transgender male,,,,,,
transgendermale,tranagendermale,transgender male,,,,,,
transgendermale,tranzgendermale,transgender male,,,,,,
transgendermale,tranxgendermale,transgender male,,,,,,
transgendermale,trandgendermale,transgender male,,,,,,
transgendermale,tranegendermale,transgender male,,,,,,
transgendermale,tranwgendermale,transgender male,,,,,,
transgendermale,transfendermale,transgender male,,,,,,
transgendermale,transvendermale,transgender male,,,,,,
transgendermale,transbendermale,transgender male,,,,,,
transgendermale,transhendermale,transgender male,,,,,,
transgendermale,transyendermale,transgender male,,,,,,
transgendermale,transtendermale,transgender male,,,,,,
transgendermale,transgwndermale,transgender male,,,,,,
transgendermale,transgsndermale,transgender male,,,,,,
transgendermale,transgdndermale,transgender male,,,,,,
transgendermale,transgfndermale,transgender male,,,,,,
transgendermale,transgrndermale,transgender male,,,,,,
transgendermale,transg4ndermale,transgender male,,,,,,
transgendermale,transg3ndermale,transgender male,,,,,,
transgendermale,transgemdermale,transgender male,,,,,,
transgendermale,transgejdermale,transgender male,,,,,,
transgendermale,transgehdermale,transgender male,,,,,,
transgendermale,transgebdermale,transgender male,,,,,,
transgendermale,transgensermale,transgender male,,,,,,
transgendermale,transgenxermale,transgender male,,,,,,
transgendermale,transgencermale,transgender male,,,,,,
transgendermale,transgenfermale,transgender male,,,,,,
transgendermale,transgenrermale,transgender male,,,,,,
transgendermale,transgeneermale,transgender male,,,,,,
transgendermale,transgendwrmale,transgender male,,,,,,
transgendermale,transgendsrmale,transgender male,,,,,,
transgendermale,transgenddrmale,transgender male,,,,,,
transgendermale,transgendfrmale,transgender male,,,,,,
transgendermale,transgendrrmale,transgender male,,,,,,
transgendermale,transgend4rmale,transgender male,,,,,,
transgendermale,transgend3rmale,transgender male,,,,,,
transgendermale,transgendeemale,transgender male,,,,,,
transgendermale,transgendedmale,transgender male,,,,,,
transgendermale,transgendefmale,transgender male,,,,,,
transgendermale,transgendegmale,transgender male,,,,,,
transgendermale,transgendetmale,transgender male,,,,,,
transgendermale,transgende5male,transgender male,,,,,,
transgendermale,transgende4male,transgender male,,,,,,
transgendermale,transgenderkale,transgender male,,,,,,
transgendermale,transgenderjale,transgender male,,,,,,
transgendermale,transgendernale,transgender male,,,,,,
transgendermale,transgendermzle,transgender male,,,,,,
transgendermale,transgendermxle,transgender male,,,,,,
transgendermale,transgendermsle,transgender male,,,,,,
transgendermale,transgendermwle,transgender male,,,,,,
transgendermale,transgendermqle,transgender male,,,,,,
transgendermale,transgendermake,transgender male,,,,,,
transgendermale,transgendermape,transgender male,,,,,,
transgendermale,transgendermaoe,transgender male,,,,,,
transgendermale,transgendermale,transgender male,,,,,,
transgendermale,transgendermalw,transgender male,,,,,,
transgendermale,transgendermals,transgender male,,,,,,
transgendermale,transgendermald,transgender male,,,,,,
transgendermale,transgendermalf,transgender male,,,,,,
transgendermale,transgendermalr,transgender male,,,,,,
transgendermale,transgendermal4,transgender male,,,,,,
transgendermale,transgendermal3,transgender male,,,,,,
transgendermale,rtansgendermale,transgender male,,,,,,
transgendermale,tarnsgendermale,transgender male,,,,,,
transgendermale,trnasgendermale,transgender male,,,,,,
transgendermale,trasngendermale,transgender male,,,,,,
transgendermale,trangsendermale,transgender male,,,,,,
transgendermale,transegndermale,transgender male,,,,,,
transgendermale,transgnedermale,transgender male,,,,,,
transgendermale,transgednermale,transgender male,,,,,,
transgendermale,transgenedrmale,transgender male,,,,,,
transgendermale,transgendremale,transgender male,,,,,,
transgendermale,transgendemrale,transgender male,,,,,,
transgendermale,transgenderamle,transgender male,,,,,,
transgendermale,transgendermlae,transgender male,,,,,,
transgendermale,transgendermael,transgender male,,,,,,
transgendermale,ttransgendermale,transgender male,,,,,,
transgendermale,trransgendermale,transgender male,,,,,,
transgendermale,traansgendermale,transgender male,,,,,,
transgendermale,trannsgendermale,transgender male,,,,,,
transgendermale,transsgendermale,transgender male,,,,,,
transgendermale,transggendermale,transgender male,,,,,,
transgendermale,transgeendermale,transgender male,,,,,,
transgendermale,transgenndermale,transgender male,,,,,,
transgendermale,transgenddermale,transgender male,,,,,,
transgendermale,transgendeermale,transgender male,,,,,,
transgendermale,transgenderrmale,transgender male,,,,,,
transgendermale,transgendermmale,transgender male,,,,,,
transgendermale,transgendermaale,transgender male,,,,,,
transgendermale,transgendermalle,transgender male,,,,,,
transgendermale,transgendermalee,transgender male,,,,,,
transgender woman,ransgender woman,transgender female,,,,,,
transgender woman,tansgender woman,transgender female,,,,,,
transgender woman,trnsgender woman,transgender female,,,,,,
transgender woman,trasgender woman,transgender female,,,,,,
transgender woman,trangender woman,transgender female,,,,,,
transgender woman,transender woman,transgender female,,,,,,
transgender woman,transgnder woman,transgender female,,,,,,
transgender woman,transgeder woman,transgender female,,,,,,
transgender woman,transgener woman,transgender female,,,,,,
transgender woman,transgendr woman,transgender female,,,,,,
transgender woman,transgende woman,transgender female,,,,,,
transgender woman,transgenderwoman,transgender female,,,,,,
transgender woman,transgender oman,transgender female,,,,,,
transgender woman,transgender wman,transgender female,,,,,,
transgender woman,transgender woan,transgender female,,,,,,
transgender woman,transgender womn,transgender female,,,,,,
transgender woman,transgender woma,transgender female,,,,,,
transgender woman,rransgender woman,transgender female,,,,,,
transgender woman,fransgender woman,transgender female,,,,,,
transgender woman,gransgender woman,transgender female,,,,,,
transgender woman,hransgender woman,transgender female,,,,,,
transgender woman,yransgender woman,transgender female,,,,,,
transgender woman,6ransgender woman,transgender female,,,,,,
transgender woman,5ransgender woman,transgender female,,,,,,
transgender woman,teansgender woman,transgender female,,,,,,
transgender woman,tdansgender woman,transgender female,,,,,,
transgender woman,tfansgender woman,transgender female,,,,,,
transgender woman,tgansgender woman,transgender female,,,,,,
transgender woman,ttansgender woman,transgender female,,,,,,
transgender woman,t5ansgender woman,transgender female,,,,,,
transgender woman,t4ansgender woman,transgender female,,,,,,
transgender woman,trznsgender woman,transgender female,,,,,,
transgender woman,trxnsgender woman,transgender female,,,,,,
transgender woman,trsnsgender woman,transgender female,,,,,,
transgender woman,trwnsgender woman,transgender female,,,,,,
transgender woman,trqnsgender woman,transgender female,,,,,,
transgender woman,tramsgender woman,transgender female,,,,,,
transgender woman,trajsgender woman,transgender female,,,,,,
transgender woman,trahsgender woman,transgender female,,,,,,
transgender woman,trabsgender woman,transgender female,,,,,,
transgender woman,tranagender woman,transgender female,,,,,,
transgender woman,tranzgender woman,transgender female,,,,,,
transgender woman,tranxgender woman,transgender female,,,,,,
transgender woman,trandgender woman,transgender female,,,,,,
transgender woman,tranegender woman,transgender female,,,,,,
transgender woman,tranwgender woman,transgender female,,,,,,
transgender woman,transfender woman,transgender female,,,,,,
transgender woman,transvender woman,transgender female,,,,,,
transgender woman,transbender woman,transgender female,,,,,,
transgender woman,transhender woman,transgender female,,,,,,
transgender woman,transyender woman,transgender female,,,,,,
transgender woman,transtender woman,transgender female,,,,,,
transgender woman,transgwnder woman,transgender female,,,,,,
transgender woman,transgsnder woman,transgender female,,,,,,
transgender woman,transgdnder woman,transgender female,,,,,,
transgender woman,transgfnder woman,transgender female,,,,,,
transgender woman,transgrnder woman,transgender female,,,,,,
transgender woman,transg4nder woman,transgender female,,,,,,
transgender woman,transg3nder woman,transgender female,,,,,,
transgender woman,transgemder woman,transgender female,,,,,,
transgender woman,transgejder woman,transgender female,,,,,,
transgender woman,transgehder woman,transgender female,,,,,,
transgender woman,transgebder woman,transgender female,,,,,,
transgender woman,transgenser woman,transgender female,,,,,,
transgender woman,transgenxer woman,transgender female,,,,,,
transgender woman,transgencer woman,transgender female,,,,,,
transgender woman,transgenfer woman,transgender female,,,,,,
transgender woman,transgenrer woman,transgender female,,,,,,
transgender woman,transgeneer woman,transgender female,,,,,,
transgender woman,transgendwr woman,transgender female,,,,,,
transgender woman,transgendsr woman,transgender female,,,,,,
transgender woman,transgenddr woman,transgender female,,,,,,
transgender woman,transgendfr woman,transgender female,,,,,,
transgender woman,transgendrr woman,transgender female,,,,,,
transgender woman,transgend4r woman,transgender female,,,,,,
transgender woman,transgend3r woman,transgender female,,,,,,
transgender woman,transgendee woman,transgender female,,,,,,
transgender woman,transgended woman,transgender female,,,,,,
transgender woman,transgendef woman,transgender female,,,,,,
transgender woman,transgendeg woman,transgender female,,,,,,
transgender woman,transgendet woman,transgender female,,,,,,
transgender woman,transgende5 woman,transgender female,,,,,,
transgender woman,transgende4 woman,transgender female,,,,,,
transgender woman,transgender qoman,transgender female,,,,,,
transgender woman,transgender aoman,transgender female,,,,,,
transgender woman,transgender soman,transgender female,,,,,,
transgender woman,transgender doman,transgender female,,,,,,
transgender woman,transgender eoman,transgender female,,,,,,
transgender woman,transgender 3oman,transgender female,,,,,,
transgender woman,transgender 2oman,transgender female,,,,,,
transgender woman,transgender wiman,transgender female,,,,,,
transgender woman,transgender wkman,transgender female,,,,,,
transgender woman,transgender wlman,transgender female,,,,,,
transgender woman,transgender wpman,transgender female,,,,,,
transgender woman,transgender w0man,transgender female,,,,,,
transgender woman,transgender w9man,transgender female,,,,,,
transgender woman,transgender wokan,transgender female,,,,,,
transgender woman,transgender wojan,transgender female,,,,,,
transgender woman,transgender wonan,transgender female,,,,,,
transgender woman,transgender womzn,transgender female,,,,,,
transgender woman,transgender womxn,transgender female,,,,,,
transgender woman,transgender womsn,transgender female,,,,,,
transgender woman,transgender womwn,transgender female,,,,,,
transgender woman,transgender womqn,transgender female,,,,,,
transgender woman,transgender womam,transgender female,,,,,,
transgender woman,transgender womaj,transgender female,,,,,,
transgender woman,transgender womah,transgender female,,,,,,
transgender woman,transgender womab,transgender female,,,,,,
transgender woman,rtansgender woman,transgender female,,,,,,
transgender woman,tarnsgender woman,transgender female,,,,,,
transgender woman,trnasgender woman,transgender female,,,,,,
transgender woman,trasngender woman,transgender female,,,,,,
transgender woman,trangsender woman,transgender female,,,,,,
transgender woman,transegnder woman,transgender female,,,,,,
transgender woman,transgneder woman,transgender female,,,,,,
transgender woman,transgedner woman,transgender female,,,,,,
transgender woman,transgenedr woman,transgender female,,,,,,
transgender woman,transgendre woman,transgender female,,,,,,
transgender woman,transgende rwoman,transgender female,,,,,,
transgender woman,transgenderw oman,transgender female,,,,,,
transgender woman,transgender owman,transgender female,,,,,,
transgender woman,transgender wmoan,transgender female,,,,,,
transgender woman,transgender woamn,transgender female,,,,,,
transgender woman,transgender womna,transgender female,,,,,,
transgender woman,ttransgender woman,transgender female,,,,,,
transgender woman,trransgender woman,transgender female,,,,,,
transgender woman,traansgender woman,transgender female,,,,,,
transgender woman,trannsgender woman,transgender female,,,,,,
transgender woman,transsgender woman,transgender female,,,,,,
transgender woman,transggender woman,transgender female,,,,,,
transgender woman,transgeender woman,transgender female,,,,,,
transgender woman,transgennder woman,transgender female,,,,,,
transgender woman,transgendder woman,transgender female,,,,,,
transgender woman,transgendeer woman,transgender female,,,,,,
transgender woman,transgenderr woman,transgender female,,,,,,
transgender woman,transgender  woman,transgender female,,,,,,
transgender woman,transgender wwoman,transgender female,,,,,,
transgender woman,transgender wooman,transgender female,,,,,,
transgender woman,transgender womman,transgender female,,,,,,
transgender woman,transgender womaan,transgender female,,,,,,
transgender woman,transgender womann,transgender female,,,,,,
transgender female,ransgender female,transgender female,,,,,,
transgender female,tansgender female,transgender female,,,,,,
transgender female,trnsgender female,transgender female,,,,,,
transgender female,trasgender female,transgender female,,,,,,
transgender female,trangender female,transgender female,,,,,,
transgender female,transender female,transgender female,,,,,,
transgender female,transgnder female,transgender female,,,,,,
transgender female,transgeder female,transgender female,,,,,,
transgender female,transgener female,transgender female,,,,,,
transgender female,transgendr female,transgender female,,,,,,
transgender female,transgende female,transgender female,,,,,,
transgender female,transgenderfemale,transgender female,,,,,,
transgender female,transgender emale,transgender female,,,,,,
transgender female,transgender fmale,transgender female,,,,,,
transgender female,transgender feale,transgender female,,,,,,
transgender female,transgender femle,transgender female,,,,,,
transgender female,transgender femae,transgender female,,,,,,
transgender female,transgender femal,transgender female,,,,,,
transgender female,rransgender female,transgender female,,,,,,
transgender female,fransgender female,transgender female,,,,,,
transgender female,gransgender female,transgender female,,,,,,
transgender female,hransgender female,transgender female,,,,,,
transgender female,yransgender female,transgender female,,,,,,
transgender female,6ransgender female,transgender female,,,,,,
transgender female,5ransgender female,transgender female,,,,,,
transgender female,teansgender female,transgender female,,,,,,
transgender female,tdansgender female,transgender female,,,,,,
transgender female,tfansgender female,transgender female,,,,,,
transgender female,tgansgender female,transgender female,,,,,,
transgender female,ttansgender female,transgender female,,,,,,
transgender female,t5ansgender female,transgender female,,,,,,
transgender female,t4ansgender female,transgender female,,,,,,
transgender female,trznsgender female,transgender female,,,,,,
transgender female,trxnsgender female,transgender female,,,,,,
transgender female,trsnsgender female,transgender female,,,,,,
transgender female,trwnsgender female,transgender female,,,,,,
transgender female,trqnsgender female,transgender female,,,,,,
transgender female,tramsgender female,transgender female,,,,,,
transgender female,trajsgender female,transgender female,,,,,,
transgender female,trahsgender female,transgender female,,,,,,
transgender female,trabsgender female,transgender female,,,,,,
transgender female,tranagender female,transgender female,,,,,,
transgender female,tranzgender female,transgender female,,,,,,
transgender female,tranxgender female,transgender female,,,,,,
transgender female,trandgender female,transgender female,,,,,,
transgender female,tranegender female,transgender female,,,,,,
transgender female,tranwgender female,transgender female,,,,,,
transgender female,transfender female,transgender female,,,,,,
transgender female,transvender female,transgender female,,,,,,
transgender female,transbender female,transgender female,,,,,,
transgender female,transhender female,transgender female,,,,,,
transgender female,transyender female,transgender female,,,,,,
transgender female,transtender female,transgender female,,,,,,
transgender female,transgwnder female,transgender female,,,,,,
transgender female,transgsnder female,transgender female,,,,,,
transgender female,transgdnder female,transgender female,,,,,,
transgender female,transgfnder female,transgender female,,,,,,
transgender female,transgrnder female,transgender female,,,,,,
transgender female,transg4nder female,transgender female,,,,,,
transgender female,transg3nder female,transgender female,,,,,,
transgender female,transgemder female,transgender female,,,,,,
transgender female,transgejder female,transgender female,,,,,,
transgender female,transgehder female,transgender female,,,,,,
transgender female,transgebder female,transgender female,,,,,,
transgender female,transgenser female,transgender female,,,,,,
transgender female,transgenxer female,transgender female,,,,,,
transgender female,transgencer female,transgender female,,,,,,
transgender female,transgenfer female,transgender female,,,,,,
transgender female,transgenrer female,transgender female,,,,,,
transgender female,transgeneer female,transgender female,,,,,,
transgender female,transgendwr female,transgender female,,,,,,
transgender female,transgendsr female,transgender female,,,,,,
transgender female,transgenddr female,transgender female,,,,,,
transgender female,transgendfr female,transgender female,,,,,,
transgender female,transgendrr female,transgender female,,,,,,
transgender female,transgend4r female,transgender female,,,,,,
transgender female,transgend3r female,transgender female,,,,,,
transgender female,transgendee female,transgender female,,,,,,
transgender female,transgended female,transgender female,,,,,,
transgender female,transgendef female,transgender female,,,,,,
transgender female,transgendeg female,transgender female,,,,,,
transgender female,transgendet female,transgender female,,,,,,
transgender female,transgende5 female,transgender female,,,,,,
transgender female,transgende4 female,transgender female,,,,,,
transgender female,transgender demale,transgender female,,,,,,
transgender female,transgender cemale,transgender female,,,,,,
transgender female,transgender vemale,transgender female,,,,,,
transgender female,transgender gemale,transgender female,,,,,,
transgender female,transgender temale,transgender female,,,,,,
transgender female,transgender remale,transgender female,,,,,,
transgender female,transgender fwmale,transgender female,,,,,,
transgender female,transgender fsmale,transgender female,,,,,,
transgender female,transgender fdmale,transgender female,,,,,,
transgender female,transgender ffmale,transgender female,,,,,,
transgender female,transgender frmale,transgender female,,,,,,
transgender female,transgender f4male,transgender female,,,,,,
transgender female,transgender f3male,transgender female,,,,,,
transgender female,transgender fekale,transgender female,,,,,,
transgender female,transgender fejale,transgender female,,,,,,
transgender female,transgender fenale,transgender female,,,,,,
transgender female,transgender femzle,transgender female,,,,,,
transgender female,transgender femxle,transgender female,,,,,,
transgender female,transgender femsle,transgender female,,,,,,
transgender female,transgender femwle,transgender female,,,,,,
transgender female,transgender femqle,transgender female,,,,,,
transgender female,transgender femake,transgender female,,,,,,
transgender female,transgender femape,transgender female,,,,,,
transgender female,transgender femaoe,transgender female,,,,,,
transgender female,transgender female,transgender female,,,,,,
transgender female,transgender femalw,transgender female,,,,,,
transgender female,transgender femals,transgender female,,,,,,
transgender female,transgender femald,transgender female,,,,,,
transgender female,transgender femalf,transgender female,,,,,,
transgender female,transgender femalr,transgender female,,,,,,
transgender female,transgender femal4,transgender female,,,,,,
transgender female,transgender femal3,transgender female,,,,,,
transgender female,rtansgender female,transgender female,,,,,,
transgender female,tarnsgender female,transgender female,,,,,,
transgender female,trnasgender female,transgender female,,,,,,
transgender female,trasngender female,transgender female,,,,,,
transgender female,trangsender female,transgender female,,,,,,
transgender female,transegnder female,transgender female,,,,,,
transgender female,transgneder female,transgender female,,,,,,
transgender female,transgedner female,transgender female,,,,,,
transgender female,transgenedr female,transgender female,,,,,,
transgender female,transgendre female,transgender female,,,,,,
transgender female,transgende rfemale,transgender female,,,,,,
transgender female,transgenderf emale,transgender female,,,,,,
transgender female,transgender efmale,transgender female,,,,,,
transgender female,transgender fmeale,transgender female,,,,,,
transgender female,transgender feamle,transgender female,,,,,,
transgender female,transgender femlae,transgender female,,,,,,
transgender female,transgender femael,transgender female,,,,,,
transgender female,ttransgender female,transgender female,,,,,,
transgender female,trransgender female,transgender female,,,,,,
transgender female,traansgender female,transgender female,,,,,,
transgender female,trannsgender female,transgender female,,,,,,
transgender female,transsgender female,transgender female,,,,,,
transgender female,transggender female,transgender female,,,,,,
transgender female,transgeender female,transgender female,,,,,,
transgender female,transgennder female,transgender female,,,,,,
transgender female,transgendder female,transgender female,,,,,,
transgender female,transgendeer female,transgender female,,,,,,
transgender female,transgenderr female,transgender female,,,,,,
transgender female,transgender  female,transgender female,,,,,,
transgender female,transgender ffemale,transgender female,,,,,,
transgender female,transgender feemale,transgender female,,,,,,
transgender female,transgender femmale,transgender female,,,,,,
transgender female,transgender femaale,transgender female,,,,,,
transgender female,transgender femalle,transgender female,,,,,,
transgender female,transgender femalee,transgender female,,,,,,